"DESCRIPTION","DURATION IN MS","NAME","PARENT SUITE","START TIME","STATUS","STOP TIME","SUB SUITE","SUITE","TEST CLASS","TEST METHOD"
"","3854","TS01 - invalid credentials show an error","chromium","2026-09-28","passed","2026-09-28","OrangeHRM","","",""
"","9143","TS02 - admin can view the employee list","webkit","2026-09-28","passed","2026-09-28","OrangeHRM","","",""
"","267","TS01 - health check responds","chromium","2026-09-28","passed","2026-09-28","Restful Booker API","","",""
"","59","TS02 - create and read a booking","firefox","2026-09-28","passed","2026-09-28","Restful Booker API","","",""
"","1161","TS01 - locked out user sees error message","webkit","2026-09-28","passed","2026-09-28","SauceDemo - login","","",""
"","7973","TS02 - admin can view the employee list","firefox","2026-09-28","passed","2026-09-28","OrangeHRM","","",""
"","626","TS01 - locked out user sees error message","mobile-chrome","2026-09-28","passed","2026-09-28","SauceDemo - login","","",""
"","1342","TS - saucedemo login has no critical violations","chromium","2026-09-28","passed","2026-09-28","Accessibility scans","","",""
"","896","TS04 - checkout requires a first name","chromium","2026-09-28","passed","2026-09-28","SauceDemo - shopping","","",""
"","940","TS02 - standard user can log in","firefox","2026-09-28","passed","2026-09-28","SauceDemo - login","","",""
"","124","TS02 - create and read a booking","chromium","2026-09-28","passed","2026-09-28","Restful Booker API","","",""
"","2132","TS01 - locked out user sees error message","firefox","2026-09-28","passed","2026-09-28","SauceDemo - login","","",""
"","2789","TS01 - browse books across pages","firefox","2026-09-28","passed","2026-09-28","Books to Scrape","","",""
"","748","authenticate saucedemo standard user","setup","2026-09-28","passed","2026-09-28","","","",""
"","2944","TS05 - full checkout completes an order","webkit","2026-09-28","passed","2026-09-28","SauceDemo - shopping","","",""
"","647","TS02 - standard user can log in","mobile-chrome","2026-09-28","passed","2026-09-28","SauceDemo - login","","",""
"","489","TS01 - locked out user sees error message","chromium","2026-09-28","passed","2026-09-28","SauceDemo - login","","",""
"","5704","TS01 - invalid credentials show an error","firefox","2026-09-28","passed","2026-09-28","OrangeHRM","","",""
"","827","TS03 - adding and removing an item updates the cart badge","chromium","2026-09-28","passed","2026-09-28","SauceDemo - shopping","","",""
"","1","TS01 - home page matches baseline","chromium","2026-09-28","skipped","2026-09-28","Books to Scrape - visual","","",""
"","75","TS01 - health check responds","firefox","2026-09-28","passed","2026-09-28","Restful Booker API","","",""
"","1490","TS05 - full checkout completes an order","firefox","2026-09-28","passed","2026-09-28","SauceDemo - shopping","","",""
"","1035","TS05 - full checkout completes an order","chromium","2026-09-28","passed","2026-09-28","SauceDemo - shopping","","",""
"","8128","TS01 - browse books across pages","webkit","2026-09-28","passed","2026-09-28","Books to Scrape","","",""
"","2745","TS - bookstoscrape home has no critical violations","chromium","2026-09-28","passed","2026-09-28","Accessibility scans","","",""
"","10165","TS01 - invalid credentials show an error","webkit","2026-09-28","passed","2026-09-28","OrangeHRM","","",""
"","1324","TS01 - search shows the matching article","firefox","2026-09-28","passed","2026-09-28","Wikipedia","","",""
"","1868","TS02 - standard user can log in","webkit","2026-09-28","passed","2026-09-28","SauceDemo - login","","",""
"","898","TS01 - browse books across pages","chromium","2026-09-28","passed","2026-09-28","Books to Scrape","","",""
"","22","TS02 - create and read a booking","webkit","2026-09-28","passed","2026-09-28","Restful Booker API","","",""
"","7504","TS01 - search shows the matching article","webkit","2026-09-28","passed","2026-09-28","Wikipedia","","",""
"","888","TS01 - empty catalogue page shows no books","chromium","2026-09-28","passed","2026-09-28","Books to Scrape - mocked responses","","",""
"","716","TS01 - browse books across pages","mobile-chrome","2026-09-28","passed","2026-09-28","Books to Scrape","","",""
"","61","TS01 - health check responds","webkit","2026-09-28","passed","2026-09-28","Restful Booker API","","",""
"","6768","TS02 - admin can view the employee list","chromium","2026-09-28","passed","2026-09-28","OrangeHRM","","",""
"","693","TS02 - standard user can log in","chromium","2026-09-28","passed","2026-09-28","SauceDemo - login","","",""
"","274","TS03 - update and delete a booking with auth","chromium","2026-09-28","passed","2026-09-28","Restful Booker API","","",""
"","1395","TS01 - search shows the matching article","chromium","2026-09-28","passed","2026-09-28","Wikipedia","","",""
"","216","TS02 - server error returns status 500","chromium","2026-09-28","passed","2026-09-28","Books to Scrape - mocked responses","","",""
"","6915","TS01 - employee count in UI matches the API","chromium","2026-09-28","passed","2026-09-28","OrangeHRM - hybrid API + UI","","",""
